{
  "artifact": "tower_8824a00f105b5cd9",
  "agent_model": "deepseek-v4-flash",
  "runtime_contract": "domain_specific_v3",
  "repeat_id": 0,
  "validation": {
    "manifest": "experiments/webshop/event-tower-v2/manifests/validation.jsonl",
    "manifest_sha256": "9e173425f03b41c798be577454d0bcda593c72b017cfa7872756a017746d92c4",
    "run": "artifacts/runs/webshop-validation-flash-entity-graph-v6-p200-continuous-r0",
    "result_sha256": "49a2daaa054acb8d76cc101e70e07ef6344c14404c77715668561bb9ab143a88",
    "tower": {
      "mean_reward": 0.7046833333333333,
      "full_success_rate": 0.5,
      "mean_steps": 8.54,
      "mean_invalid_actions": 0.19,
      "mean_input_tokens": 33978.26
    },
    "no_skill": {
      "mean_reward": 0.65235,
      "full_success_rate": 0.47,
      "mean_steps": 7.69,
      "mean_invalid_actions": 0.3,
      "mean_input_tokens": 19572.0
    },
    "paired": {
      "reward_delta": 0.05233333333333334,
      "reward_bootstrap_ci95": [-0.013252083333333333, 0.12116666666666667],
      "full_success_delta": 0.03,
      "wins": 16,
      "losses": 11,
      "ties": 73
    }
  },
  "test_b": {
    "manifest": "experiments/webshop/original-concept-v1/manifests/test-b.jsonl",
    "manifest_sha256": "f6fbb024ffd602a5241425809851ee84eb93b91ab613b51a827286a1d20dceb2",
    "run": "artifacts/runs/webshop-test-b-flash-entity-graph-v6-p200-continuous-r0",
    "result_sha256": "ebe3170c66d8b6fa587036879ff2e573be2895464fe0e85a7b465a9bf17fc5e2",
    "tower": {
      "mean_reward": 0.6752142857142859,
      "full_success_rate": 0.47,
      "mean_steps": 8.94,
      "mean_invalid_actions": 0.19,
      "mean_input_tokens": 35345.45
    },
    "no_skill": {
      "mean_reward": 0.7332309523809524,
      "full_success_rate": 0.48,
      "mean_steps": 7.32,
      "mean_invalid_actions": 0.32,
      "mean_input_tokens": 16570.53
    },
    "paired": {
      "reward_delta": -0.05801666666666667,
      "reward_bootstrap_ci95": [-0.12135000000000001, 0.0018362499999999534],
      "full_success_delta": -0.01,
      "wins": 10,
      "losses": 19,
      "ties": 71
    }
  }
}
