{
  "protocol_id": "webshop-event-tower-v2",
  "stage": 3,
  "selection_id": "selection_fa882612a3fbe29f",
  "bootstrap_samples": 10000,
  "bootstrap_seed": 20260719,
  "confidence_level": 0.95,
  "rule": "choose the smallest cap whose paired task-bootstrap reward difference from the empirical best includes zero at 95%",
  "methods": {
    "semantic_clustering": {
      "method": "semantic_clustering",
      "macro_mean_reward_by_cap": {
        "3": 0.6585333333333334,
        "5": 0.6752750000000001,
        "8": 0.6747611111111111
      },
      "empirical_best_cap": 5,
      "comparisons_to_empirical_best": {
        "3": {
          "empirical_best_minus_candidate": 0.01674166666666667,
          "confidence_interval": [
            -0.010514236111111108,
            0.044950555555555556
          ],
          "includes_zero": true
        },
        "5": {
          "empirical_best_minus_candidate": 0.0,
          "confidence_interval": [
            0.0,
            0.0
          ],
          "includes_zero": true
        },
        "8": {
          "empirical_best_minus_candidate": 0.0005138888888888887,
          "confidence_interval": [
            -0.018791666666666665,
            0.020139236111111104
          ],
          "includes_zero": true
        }
      },
      "selected_cap": 3
    },
    "trace2tower": {
      "method": "trace2tower",
      "macro_mean_reward_by_cap": {
        "3": 0.6464222222222221,
        "5": 0.6478916666666666,
        "8": 0.630025
      },
      "empirical_best_cap": 5,
      "comparisons_to_empirical_best": {
        "3": {
          "empirical_best_minus_candidate": 0.001469444444444446,
          "confidence_interval": [
            -0.024388958333333335,
            0.02832819444444444
          ],
          "includes_zero": true
        },
        "5": {
          "empirical_best_minus_candidate": 0.0,
          "confidence_interval": [
            0.0,
            0.0
          ],
          "includes_zero": true
        },
        "8": {
          "empirical_best_minus_candidate": 0.017866666666666663,
          "confidence_interval": [
            -0.005467777777777774,
            0.04414472222222222
          ],
          "includes_zero": true
        }
      },
      "selected_cap": 3
    }
  }
}
